id,name,file_path
000000001761,Image 000000001761,C:\image\000000001761.jpg
000000001761_1,Image 000000001761_1,C:\image\000000001761_1.jpg
000000001761_2,Image 000000001761_2,C:\image\000000001761_2.jpg
000000001818,Image 000000001818,C:\image\000000001818.jpg
000000001818_1,Image 000000001818_1,C:\image\000000001818_1.jpg
000000001818_2,Image 000000001818_2,C:\image\000000001818_2.jpg
000000002149,Image 000000002149,C:\image\000000002149.jpg
000000002149_1,Image 000000002149_1,C:\image\000000002149_1.jpg
000000002149_2,Image 000000002149_2,C:\image\000000002149_2.jpg
000000002149_3,Image 000000002149_3,C:\image\000000002149_3.jpg
000000002149_4,Image 000000002149_4,C:\image\000000002149_4.jpg
000000002149_5,Image 000000002149_5,C:\image\000000002149_5.jpg
000000003501,Image 000000003501,C:\image\000000003501.jpg
000000003501_1,Image 000000003501_1,C:\image\000000003501_1.jpg
000000003501_3,Image 000000003501_3,C:\image\000000003501_3.jpg
000000003501_4,Image 000000003501_4,C:\image\000000003501_4.jpg
000000005529,Image 000000005529,C:\image\000000005529.jpg
000000005529_2,Image 000000005529_2,C:\image\000000005529_2.jpg
000000005529_3,Image 000000005529_3,C:\image\000000005529_3.jpg
000000005529_4,Image 000000005529_4,C:\image\000000005529_4.jpg
000000006894,Image 000000006894,C:\image\000000006894.jpg
000000006894_1,Image 000000006894_1,C:\image\000000006894_1.jpg
000000006894_3,Image 000000006894_3,C:\image\000000006894_3.jpg
000000031248,Image 000000031248,C:\image\000000031248.jpg
000000031248_1,Image 000000031248_1,C:\image\000000031248_1.jpg
000000031248_2,Image 000000031248_2,C:\image\000000031248_2.jpg
000000031248_3,Image 000000031248_3,C:\image\000000031248_3.jpg
000000031269,Image 000000031269,C:\image\000000031269.jpg
000000031269_1,Image 000000031269_1,C:\image\000000031269_1.jpg
000000031269_2,Image 000000031269_2,C:\image\000000031269_2.jpg
000000031269_3,Image 000000031269_3,C:\image\000000031269_3.jpg
000000031322,Image 000000031322,C:\image\000000031322.jpg
000000031322_10,Image 000000031322_10,C:\image\000000031322_10.jpg
000000031322_11,Image 000000031322_11,C:\image\000000031322_11.jpg
000000031322_4,Image 000000031322_4,C:\image\000000031322_4.jpg
000000031322_5,Image 000000031322_5,C:\image\000000031322_5.jpg
000000031322_6,Image 000000031322_6,C:\image\000000031322_6.jpg
000000031322_7,Image 000000031322_7,C:\image\000000031322_7.jpg
000000031322_9,Image 000000031322_9,C:\image\000000031322_9.jpg
000000179487,Image 000000179487,C:\image\000000179487.jpg
000000179487_1,Image 000000179487_1,C:\image\000000179487_1.jpg
000000179487_2,Image 000000179487_2,C:\image\000000179487_2.jpg
000000179487_3,Image 000000179487_3,C:\image\000000179487_3.jpg
000000179487_4,Image 000000179487_4,C:\image\000000179487_4.jpg
000000179487_5,Image 000000179487_5,C:\image\000000179487_5.jpg
000000179487_6,Image 000000179487_6,C:\image\000000179487_6.jpg
000000179487_7,Image 000000179487_7,C:\image\000000179487_7.jpg
000000182155,Image 000000182155,C:\image\000000182155.jpg
000000182155_1,Image 000000182155_1,C:\image\000000182155_1.jpg
000000182155_2,Image 000000182155_2,C:\image\000000182155_2.jpg
000000182155_3,Image 000000182155_3,C:\image\000000182155_3.jpg
